{"cameraMode":{"drawMode":0,"name":"Shaded","section":"Shading Mode"},"sceneLighting":true,"audioPlay":false,"sceneViewState":{"m_AlwaysRefresh":false,"showFog":true,"showSkybox":true,"showFlares":true,"showImageEffects":true,"showParticleSystems":true,"showVisualEffectGraphs":true,"m_FxEnabled":true},"in2DMode":false,"pivot":{"x":8.781911849975586,"y":2.5696797370910646,"z":-2.384934425354004},"rotation":{"x":0.0675547793507576,"y":-0.9131163954734802,"z":0.18235231935977937,"w":0.35899755358695986},"size":0.8660253882408142,"orthographic":false}