{"cameraMode":{"drawMode":0,"name":"Shaded","section":"Shading Mode"},"sceneLighting":true,"audioPlay":false,"sceneViewState":{"m_AlwaysRefresh":false,"showFog":true,"showSkybox":true,"showFlares":true,"showImageEffects":true,"showParticleSystems":true,"showVisualEffectGraphs":true,"m_FxEnabled":true},"in2DMode":false,"pivot":{"x":0.3938645124435425,"y":1.6556482315063477,"z":14.936935424804688},"rotation":{"x":-0.22688642144203187,"y":-0.7179967164993286,"z":0.26373401284217837,"w":-0.6032386422157288},"size":0.6731494665145874,"orthographic":false}