{"cameraMode":{"drawMode":0,"name":"Shaded","section":"Shading Mode"},"sceneLighting":true,"audioPlay":false,"sceneViewState":{"m_AlwaysRefresh":false,"showFog":true,"showSkybox":true,"showFlares":true,"showImageEffects":true,"showParticleSystems":true,"showVisualEffectGraphs":true,"m_FxEnabled":true},"in2DMode":false,"pivot":{"x":0.3401886820793152,"y":1.161476492881775,"z":-0.2188647985458374},"rotation":{"x":-0.038703106343746188,"y":-0.9390220642089844,"z":0.11266437917947769,"w":-0.32257574796676638},"size":0.8660253882408142,"orthographic":false}